61931, -3142, 1013, -2410, 52, 4fa5d978-c871-4cd2-875f-ce4b183385b5, , qunut, qunut, , 
61972, -3104, 974, -2405, 52, 4fa5d978-c871-4cd2-875f-ce4b183385b5, , qunut, qunut, , 
62013, -3112, 1017, -2369, 52, 4fa5d978-c871-4cd2-875f-ce4b183385b5, , qunut, qunut, , 
62053, -3128, 1002, -2415, 52, 4fa5d978-c871-4cd2-875f-ce4b183385b5, , qunut, qunut, , 
62093, -3083, 996, -2338, 52, 4fa5d978-c871-4cd2-875f-ce4b183385b5, , qunut, qunut, , 
62133, -3132, 1050, -2411, 52, 4fa5d978-c871-4cd2-875f-ce4b183385b5, , qunut, qunut, , 
62173, -3150, 1083, -2285, 52, 4fa5d978-c871-4cd2-875f-ce4b183385b5, , qunut, qunut, , 
62213, -3131, 1063, -2341, 52, 4fa5d978-c871-4cd2-875f-ce4b183385b5, , qunut, qunut, , 
62253, -3152, 1060, -2356, 52, 4fa5d978-c871-4cd2-875f-ce4b183385b5, , qunut, qunut, , 
62293, -3145, 1022, -2399, 52, 4fa5d978-c871-4cd2-875f-ce4b183385b5, , qunut, qunut, , 
62333, -3131, 1095, -2402, 52, 4fa5d978-c871-4cd2-875f-ce4b183385b5, , qunut, qunut, , 
62373, -3128, 1055, -2416, 52, 4fa5d978-c871-4cd2-875f-ce4b183385b5, , qunut, qunut, , 
62413, -3105, 1065, -2449, 52, 4fa5d978-c871-4cd2-875f-ce4b183385b5, , qunut, qunut, , 
62453, -3127, 1038, -2450, 52, 4fa5d978-c871-4cd2-875f-ce4b183385b5, , qunut, qunut, , 
62492, -3137, 1057, -2417, 52, 4fa5d978-c871-4cd2-875f-ce4b183385b5, , qunut, qunut, , 
62531, -3125, 1028, -2457, 52, 4fa5d978-c871-4cd2-875f-ce4b183385b5, , qunut, qunut, , 
62570, -3137, 1064, -2423, 52, 4fa5d978-c871-4cd2-875f-ce4b183385b5, , qunut, qunut, , 
62610, -3115, 1036, -2422, 52, 4fa5d978-c871-4cd2-875f-ce4b183385b5, , qunut, qunut, , 
62649, -3093, 1001, -2423, 52, 4fa5d978-c871-4cd2-875f-ce4b183385b5, , qunut, qunut, , 
62688, -3070, 1015, -2438, 52, 4fa5d978-c871-4cd2-875f-ce4b183385b5, , qunut, qunut, , 
62728, -3103, 1027, -2409, 52, 4fa5d978-c871-4cd2-875f-ce4b183385b5, , qunut, qunut, , 
62767, -3120, 1032, -2439, 52, 4fa5d978-c871-4cd2-875f-ce4b183385b5, , qunut, qunut, , 
62806, -3145, 1093, -2443, 52, 4fa5d978-c871-4cd2-875f-ce4b183385b5, , qunut, qunut, , 
62846, -3118, 1011, -2463, 52, 4fa5d978-c871-4cd2-875f-ce4b183385b5, , qunut, qunut, , 
62883, -3103, 1026, -2489, 52, 4fa5d978-c871-4cd2-875f-ce4b183385b5, , qunut, qunut, , 
62921, -3103, 1068, -2452, 52, 4fa5d978-c871-4cd2-875f-ce4b183385b5, , qunut, qunut, , 
62959, -3066, 1005, -2430, 52, 4fa5d978-c871-4cd2-875f-ce4b183385b5, , qunut, qunut, , 
62997, -3090, 1034, -2437, 52, 4fa5d978-c871-4cd2-875f-ce4b183385b5, , qunut, qunut, , 
63035, -3060, 1023, -2430, 52, 4fa5d978-c871-4cd2-875f-ce4b183385b5, , qunut, qunut, , 
63072, -3090, 1021, -2461, 52, 4fa5d978-c871-4cd2-875f-ce4b183385b5, , qunut, qunut, , 
63110, -3116, 1070, -2449, 52, 4fa5d978-c871-4cd2-875f-ce4b183385b5, , qunut, qunut, , 
63148, -3075, 1051, -2462, 52, 4fa5d978-c871-4cd2-875f-ce4b183385b5, , qunut, qunut, , 
63186, -3115, 1063, -2465, 52, 4fa5d978-c871-4cd2-875f-ce4b183385b5, , qunut, qunut, , 
63224, -3086, 1044, -2428, 52, 4fa5d978-c871-4cd2-875f-ce4b183385b5, , qunut, qunut, , 
63260, -3058, 1061, -2456, 52, 4fa5d978-c871-4cd2-875f-ce4b183385b5, , qunut, qunut, , 
63296, -3080, 1026, -2456, 52, 4fa5d978-c871-4cd2-875f-ce4b183385b5, , qunut, qunut, , 
63332, -3090, 1058, -2473, 52, 4fa5d978-c871-4cd2-875f-ce4b183385b5, , qunut, qunut, , 
63368, -3024, 1093, -2472, 52, 4fa5d978-c871-4cd2-875f-ce4b183385b5, , qunut, qunut, , 
63404, -3102, 1052, -2498, 52, 4fa5d978-c871-4cd2-875f-ce4b183385b5, , qunut, qunut, , 
63441, -3067, 1057, -2494, 52, 4fa5d978-c871-4cd2-875f-ce4b183385b5, , qunut, qunut, , 
63477, -3058, 1082, -2547, 52, 4fa5d978-c871-4cd2-875f-ce4b183385b5, , qunut, qunut, , 
63513, -3049, 1050, -2538, 52, 4fa5d978-c871-4cd2-875f-ce4b183385b5, , qunut, qunut, , 
63549, -3079, 1051, -2515, 52, 4fa5d978-c871-4cd2-875f-ce4b183385b5, , qunut, qunut, , 
63585, -3056, 1031, -2523, 52, 4fa5d978-c871-4cd2-875f-ce4b183385b5, , qunut, qunut, , 
63622, -3083, 1081, -2501, 52, 4fa5d978-c871-4cd2-875f-ce4b183385b5, , qunut, qunut, , 
63664, -3051, 1065, -2475, 52, 4fa5d978-c871-4cd2-875f-ce4b183385b5, , qunut, qunut, , 
63706, -3021, 1107, -2521, 52, 4fa5d978-c871-4cd2-875f-ce4b183385b5, , qunut, qunut, , 
63748, -2985, 1097, -2508, 52, 4fa5d978-c871-4cd2-875f-ce4b183385b5, , qunut, qunut, , 
63790, -3014, 1090, -2505, 52, 4fa5d978-c871-4cd2-875f-ce4b183385b5, , qunut, qunut, , 
63832, -3038, 1065, -2542, 52, 4fa5d978-c871-4cd2-875f-ce4b183385b5, , qunut, qunut, , 
63874, -3007, 1133, -2506, 52, 4fa5d978-c871-4cd2-875f-ce4b183385b5, , qunut, qunut, , 
63916, -2996, 1099, -2547, 52, 4fa5d978-c871-4cd2-875f-ce4b183385b5, , qunut, qunut, , 
63958, -3035, 1080, -2548, 52, 4fa5d978-c871-4cd2-875f-ce4b183385b5, , qunut, qunut, , 
64000, -3041, 1099, -2533, 52, 4fa5d978-c871-4cd2-875f-ce4b183385b5, , qunut, qunut, , 
64043, -3000, 1101, -2497, 52, 4fa5d978-c871-4cd2-875f-ce4b183385b5, , qunut, qunut, , 
64080, -3044, 1096, -2535, 52, 4fa5d978-c871-4cd2-875f-ce4b183385b5, , qunut, qunut, , 
64118, -2979, 1120, -2569, 52, 4fa5d978-c871-4cd2-875f-ce4b183385b5, , qunut, qunut, , 
64155, -2994, 1084, -2558, 52, 4fa5d978-c871-4cd2-875f-ce4b183385b5, , qunut, qunut, , 
64193, -3043, 1105, -2528, 52, 4fa5d978-c871-4cd2-875f-ce4b183385b5, , qunut, qunut, , 
64231, -3012, 1088, -2567, 52, 4fa5d978-c871-4cd2-875f-ce4b183385b5, , qunut, qunut, , 
64268, -3040, 1113, -2554, 52, 4fa5d978-c871-4cd2-875f-ce4b183385b5, , qunut, qunut, , 
64306, -3010, 1101, -2558, 52, 4fa5d978-c871-4cd2-875f-ce4b183385b5, , qunut, qunut, , 
64343, -2965, 1071, -2560, 52, 4fa5d978-c871-4cd2-875f-ce4b183385b5, , qunut, qunut, , 
64381, -3024, 1086, -2559, 52, 4fa5d978-c871-4cd2-875f-ce4b183385b5, , qunut, qunut, , 
64419, -3003, 1050, -2566, 52, 4fa5d978-c871-4cd2-875f-ce4b183385b5, , qunut, qunut, , 
64460, -3018, 1061, -2548, 52, 4fa5d978-c871-4cd2-875f-ce4b183385b5, , qunut, qunut, , 
64501, -3029, 1071, -2578, 52, 4fa5d978-c871-4cd2-875f-ce4b183385b5, , qunut, qunut, , 
64542, -2992, 1091, -2575, 52, 4fa5d978-c871-4cd2-875f-ce4b183385b5, , qunut, qunut, , 
64584, -2983, 1092, -2533, 52, 4fa5d978-c871-4cd2-875f-ce4b183385b5, , qunut, qunut, , 
64625, -3023, 1117, -2563, 52, 4fa5d978-c871-4cd2-875f-ce4b183385b5, , qunut, qunut, , 
64666, -2994, 1145, -2519, 52, 4fa5d978-c871-4cd2-875f-ce4b183385b5, , qunut, qunut, , 
64707, -3002, 1129, -2551, 52, 4fa5d978-c871-4cd2-875f-ce4b183385b5, , qunut, qunut, , 
64749, -3001, 1124, -2558, 52, 4fa5d978-c871-4cd2-875f-ce4b183385b5, , qunut, qunut, , 
64790, -2977, 1129, -2596, 52, 4fa5d978-c871-4cd2-875f-ce4b183385b5, , qunut, qunut, , 
64831, -2984, 1151, -2566, 52, 4fa5d978-c871-4cd2-875f-ce4b183385b5, , qunut, qunut, , 
64873, -3004, 1116, -2564, 52, 4fa5d978-c871-4cd2-875f-ce4b183385b5, , qunut, qunut, , 
64907, -2976, 1111, -2558, 52, 4fa5d978-c871-4cd2-875f-ce4b183385b5, , qunut, qunut, , 
64942, -2974, 1114, -2550, 52, 4fa5d978-c871-4cd2-875f-ce4b183385b5, , qunut, qunut, , 
64977, -2949, 1166, -2521, 52, 4fa5d978-c871-4cd2-875f-ce4b183385b5, , qunut, qunut, , 
65012, -2981, 1130, -2555, 52, 4fa5d978-c871-4cd2-875f-ce4b183385b5, , qunut, qunut, , 
65047, -2980, 1158, -2516, 52, 4fa5d978-c871-4cd2-875f-ce4b183385b5, , qunut, qunut, , 
65082, -2953, 1138, -2523, 52, 4fa5d978-c871-4cd2-875f-ce4b183385b5, , qunut, qunut, , 
65117, -2950, 1109, -2556, 52, 4fa5d978-c871-4cd2-875f-ce4b183385b5, , qunut, qunut, , 
65152, -2929, 1121, -2526, 52, 4fa5d978-c871-4cd2-875f-ce4b183385b5, , qunut, qunut, , 
65187, -2901, 1141, -2516, 52, 4fa5d978-c871-4cd2-875f-ce4b183385b5, , qunut, qunut, , 
65222, -2971, 1133, -2550, 52, 4fa5d978-c871-4cd2-875f-ce4b183385b5, , qunut, qunut, , 
65258, -2969, 1196, -2552, 54, 4fa5d978-c871-4cd2-875f-ce4b183385b5, , qunut, qunut, , 
65294, -2961, 1213, -2572, 54, 4fa5d978-c871-4cd2-875f-ce4b183385b5, , qunut, qunut, , 
65330, -2962, 1158, -2631, 54, 4fa5d978-c871-4cd2-875f-ce4b183385b5, , qunut, qunut, , 
65366, -2925, 1184, -2631, 54, 4fa5d978-c871-4cd2-875f-ce4b183385b5, , qunut, qunut, , 
65402, -2908, 1192, -2632, 54, 4fa5d978-c871-4cd2-875f-ce4b183385b5, , qunut, qunut, , 
65438, -2961, 1167, -2642, 54, 4fa5d978-c871-4cd2-875f-ce4b183385b5, , qunut, qunut, , 
65474, -2930, 1215, -2623, 54, 4fa5d978-c871-4cd2-875f-ce4b183385b5, , qunut, qunut, , 
65510, -2953, 1190, -2646, 54, 4fa5d978-c871-4cd2-875f-ce4b183385b5, , qunut, qunut, , 
65546, -2931, 1181, -2601, 54, 4fa5d978-c871-4cd2-875f-ce4b183385b5, , qunut, qunut, , 
65582, -2906, 1199, -2631, 54, 4fa5d978-c871-4cd2-875f-ce4b183385b5, , qunut, qunut, , 
65619, -2918, 1153, -2628, 54, 4fa5d978-c871-4cd2-875f-ce4b183385b5, , qunut, qunut, , 
65660, -2914, 1148, -2602, 54, 4fa5d978-c871-4cd2-875f-ce4b183385b5, , qunut, qunut, , 
65702, -2915, 1131, -2592, 54, 4fa5d978-c871-4cd2-875f-ce4b183385b5, , qunut, qunut, , 
65744, -2914, 1114, -2579, 54, 4fa5d978-c871-4cd2-875f-ce4b183385b5, , qunut, qunut, , 
65786, -2913, 1146, -2647, 54, 4fa5d978-c871-4cd2-875f-ce4b183385b5, , qunut, qunut, , 
65828, -2884, 1151, -2638, 54, 4fa5d978-c871-4cd2-875f-ce4b183385b5, , qunut, qunut, , 
65869, -2905, 1188, -2609, 54, 4fa5d978-c871-4cd2-875f-ce4b183385b5, , qunut, qunut, , 
65911, -2905, 1179, -2618, 54, 4fa5d978-c871-4cd2-875f-ce4b183385b5, , qunut, qunut, , 
65953, -2891, 1180, -2616, 54, 4fa5d978-c871-4cd2-875f-ce4b183385b5, , qunut, qunut, , 
65995, -2894, 1208, -2640, 54, 4fa5d978-c871-4cd2-875f-ce4b183385b5, , qunut, qunut, , 
66037, -2875, 1203, -2678, 54, 4fa5d978-c871-4cd2-875f-ce4b183385b5, , qunut, qunut, , 
66075, -2856, 1201, -2640, 54, 4fa5d978-c871-4cd2-875f-ce4b183385b5, , qunut, qunut, , 
66114, -2911, 1164, -2661, 54, 4fa5d978-c871-4cd2-875f-ce4b183385b5, , qunut, qunut, , 
66153, -2868, 1188, -2645, 54, 4fa5d978-c871-4cd2-875f-ce4b183385b5, , qunut, qunut, , 
66191, -2868, 1223, -2692, 54, 4fa5d978-c871-4cd2-875f-ce4b183385b5, , qunut, qunut, , 
66230, -2848, 1244, -2673, 54, 4fa5d978-c871-4cd2-875f-ce4b183385b5, , qunut, qunut, , 
66269, -2854, 1244, -2662, 54, 4fa5d978-c871-4cd2-875f-ce4b183385b5, , qunut, qunut, , 
66307, -2877, 1239, -2640, 54, 4fa5d978-c871-4cd2-875f-ce4b183385b5, , qunut, qunut, , 
66346, -2845, 1235, -2651, 54, 4fa5d978-c871-4cd2-875f-ce4b183385b5, , qunut, qunut, , 
66385, -2853, 1220, -2637, 54, 4fa5d978-c871-4cd2-875f-ce4b183385b5, , qunut, qunut, , 
66424, -2824, 1259, -2676, 54, 4fa5d978-c871-4cd2-875f-ce4b183385b5, , qunut, qunut, , 
66464, -2848, 1257, -2675, 56, 4fa5d978-c871-4cd2-875f-ce4b183385b5, , qunut, qunut, , 
66505, -2843, 1253, -2658, 56, 4fa5d978-c871-4cd2-875f-ce4b183385b5, , qunut, qunut, , 
66545, -2850, 1263, -2631, 56, 4fa5d978-c871-4cd2-875f-ce4b183385b5, , qunut, qunut, , 
66586, -2853, 1244, -2627, 56, 4fa5d978-c871-4cd2-875f-ce4b183385b5, , qunut, qunut, , 
66627, -2836, 1255, -2669, 56, 4fa5d978-c871-4cd2-875f-ce4b183385b5, , qunut, qunut, , 
66667, -2850, 1246, -2672, 56, 4fa5d978-c871-4cd2-875f-ce4b183385b5, , qunut, qunut, , 
66708, -2818, 1244, -2655, 56, 4fa5d978-c871-4cd2-875f-ce4b183385b5, , qunut, qunut, , 
66749, -2854, 1249, -2639, 56, 4fa5d978-c871-4cd2-875f-ce4b183385b5, , qunut, qunut, , 
66789, -2871, 1233, -2676, 56, 4fa5d978-c871-4cd2-875f-ce4b183385b5, , qunut, qunut, , 
66830, -2843, 1218, -2662, 56, 4fa5d978-c871-4cd2-875f-ce4b183385b5, , qunut, qunut, , 
66871, -2844, 1228, -2670, 56, 4fa5d978-c871-4cd2-875f-ce4b183385b5, , qunut, qunut, , 
66904, -2848, 1199, -2686, 56, 4fa5d978-c871-4cd2-875f-ce4b183385b5, , qunut, qunut, , 
66937, -2838, 1201, -2652, 56, 4fa5d978-c871-4cd2-875f-ce4b183385b5, , qunut, qunut, , 
66970, -2862, 1188, -2651, 56, 4fa5d978-c871-4cd2-875f-ce4b183385b5, , qunut, qunut, , 
67003, -2856, 1212, -2651, 56, 4fa5d978-c871-4cd2-875f-ce4b183385b5, , qunut, qunut, , 
67037, -2812, 1190, -2655, 56, 4fa5d978-c871-4cd2-875f-ce4b183385b5, , qunut, qunut, , 
67070, -2861, 1196, -2666, 56, 4fa5d978-c871-4cd2-875f-ce4b183385b5, , qunut, qunut, , 
67103, -2870, 1223, -2658, 56, 4fa5d978-c871-4cd2-875f-ce4b183385b5, , qunut, qunut, , 
67136, -2844, 1201, -2660, 56, 4fa5d978-c871-4cd2-875f-ce4b183385b5, , qunut, qunut, , 
67169, -2850, 1208, -2664, 56, 4fa5d978-c871-4cd2-875f-ce4b183385b5, , qunut, qunut, , 
67203, -2840, 1213, -2666, 56, 4fa5d978-c871-4cd2-875f-ce4b183385b5, , qunut, qunut, , 
67240, -2853, 1225, -2686, 56, 4fa5d978-c871-4cd2-875f-ce4b183385b5, , qunut, qunut, , 
67278, -2868, 1191, -2675, 56, 4fa5d978-c871-4cd2-875f-ce4b183385b5, , qunut, qunut, , 
67316, -2866, 1184, -2696, 56, 4fa5d978-c871-4cd2-875f-ce4b183385b5, , qunut, qunut, , 
67354, -2892, 1188, -2700, 56, 4fa5d978-c871-4cd2-875f-ce4b183385b5, , qunut, qunut, , 
67392, -2868, 1208, -2692, 56, 4fa5d978-c871-4cd2-875f-ce4b183385b5, , qunut, qunut, , 
67429, -2849, 1198, -2670, 56, 4fa5d978-c871-4cd2-875f-ce4b183385b5, , qunut, qunut, , 
67467, -2888, 1205, -2660, 56, 4fa5d978-c871-4cd2-875f-ce4b183385b5, , qunut, qunut, , 
67505, -2831, 1247, -2642, 56, 4fa5d978-c871-4cd2-875f-ce4b183385b5, , qunut, qunut, , 
67543, -2833, 1199, -2629, 56, 4fa5d978-c871-4cd2-875f-ce4b183385b5, , qunut, qunut, , 
67581, -2895, 1210, -2663, 56, 4fa5d978-c871-4cd2-875f-ce4b183385b5, , qunut, qunut, , 
67619, -2847, 1199, -2630, 56, 4fa5d978-c871-4cd2-875f-ce4b183385b5, , qunut, qunut, , 
67661, -2865, 1199, -2642, 56, 4fa5d978-c871-4cd2-875f-ce4b183385b5, , qunut, qunut, , 
67704, -2861, 1185, -2622, 56, 4fa5d978-c871-4cd2-875f-ce4b183385b5, , qunut, qunut, , 
67747, -2834, 1224, -2637, 56, 4fa5d978-c871-4cd2-875f-ce4b183385b5, , qunut, qunut, , 
67789, -2839, 1263, -2586, 56, 4fa5d978-c871-4cd2-875f-ce4b183385b5, , qunut, qunut, , 
67832, -2862, 1212, -2630, 56, 4fa5d978-c871-4cd2-875f-ce4b183385b5, , qunut, qunut, , 
67875, -2849, 1210, -2677, 56, 4fa5d978-c871-4cd2-875f-ce4b183385b5, , qunut, qunut, , 
67917, -2854, 1242, -2660, 56, 4fa5d978-c871-4cd2-875f-ce4b183385b5, , qunut, qunut, , 
67960, -2880, 1262, -2635, 56, 4fa5d978-c871-4cd2-875f-ce4b183385b5, , qunut, qunut, , 
68003, -2879, 1208, -2620, 56, 4fa5d978-c871-4cd2-875f-ce4b183385b5, , qunut, qunut, , 
68046, -2897, 1206, -2669, 56, 4fa5d978-c871-4cd2-875f-ce4b183385b5, , qunut, qunut, , 
68083, -2882, 1207, -2680, 56, 4fa5d978-c871-4cd2-875f-ce4b183385b5, , qunut, qunut, , 
68121, -2819, 1180, -2698, 56, 4fa5d978-c871-4cd2-875f-ce4b183385b5, , qunut, qunut, , 
68158, -2850, 1196, -2667, 56, 4fa5d978-c871-4cd2-875f-ce4b183385b5, , qunut, qunut, , 
68196, -2858, 1209, -2658, 56, 4fa5d978-c871-4cd2-875f-ce4b183385b5, , qunut, qunut, , 
68234, -2868, 1218, -2694, 56, 4fa5d978-c871-4cd2-875f-ce4b183385b5, , qunut, qunut, , 
68271, -2843, 1202, -2636, 56, 4fa5d978-c871-4cd2-875f-ce4b183385b5, , qunut, qunut, , 
68309, -2856, 1225, -2666, 56, 4fa5d978-c871-4cd2-875f-ce4b183385b5, , qunut, qunut, , 
68346, -2838, 1165, -2619, 56, 4fa5d978-c871-4cd2-875f-ce4b183385b5, , qunut, qunut, , 
68384, -2912, 1281, -2625, 56, 4fa5d978-c871-4cd2-875f-ce4b183385b5, , qunut, qunut, , 
68422, -2815, 1212, -2651, 56, 4fa5d978-c871-4cd2-875f-ce4b183385b5, , qunut, qunut, , 
68460, -2886, 1231, -2677, 57, 4fa5d978-c871-4cd2-875f-ce4b183385b5, , qunut, qunut, , 
68498, -2874, 1238, -2698, 57, 4fa5d978-c871-4cd2-875f-ce4b183385b5, , qunut, qunut, , 
68537, -2821, 1297, -2690, 57, 4fa5d978-c871-4cd2-875f-ce4b183385b5, , qunut, qunut, , 
68575, -2874, 1233, -2693, 57, 4fa5d978-c871-4cd2-875f-ce4b183385b5, , qunut, qunut, , 
68613, -2828, 1269, -2644, 57, 4fa5d978-c871-4cd2-875f-ce4b183385b5, , qunut, qunut, , 
68652, -2824, 1222, -2658, 57, 4fa5d978-c871-4cd2-875f-ce4b183385b5, , qunut, qunut, , 
68690, -2857, 1219, -2681, 57, 4fa5d978-c871-4cd2-875f-ce4b183385b5, , qunut, qunut, , 
68728, -2825, 1197, -2674, 57, 4fa5d978-c871-4cd2-875f-ce4b183385b5, , qunut, qunut, , 
68767, -2815, 1212, -2647, 57, 4fa5d978-c871-4cd2-875f-ce4b183385b5, , qunut, qunut, , 
68805, -2864, 1196, -2678, 57, 4fa5d978-c871-4cd2-875f-ce4b183385b5, , qunut, qunut, , 
68844, -2874, 1194, -2683, 57, 4fa5d978-c871-4cd2-875f-ce4b183385b5, , qunut, qunut, , 
68880, -2847, 1202, -2675, 57, 4fa5d978-c871-4cd2-875f-ce4b183385b5, , qunut, qunut, , 
68917, -2905, 1218, -2705, 57, 4fa5d978-c871-4cd2-875f-ce4b183385b5, , qunut, qunut, , 
68954, -2827, 1206, -2714, 57, 4fa5d978-c871-4cd2-875f-ce4b183385b5, , qunut, qunut, , 
68990, -2839, 1257, -2685, 57, 4fa5d978-c871-4cd2-875f-ce4b183385b5, , qunut, qunut, , 
69027, -2822, 1256, -2645, 57, 4fa5d978-c871-4cd2-875f-ce4b183385b5, , qunut, qunut, , 
69064, -2880, 1267, -2634, 57, 4fa5d978-c871-4cd2-875f-ce4b183385b5, , qunut, qunut, , 
69100, -2836, 1238, -2661, 57, 4fa5d978-c871-4cd2-875f-ce4b183385b5, , qunut, qunut, , 
69137, -2858, 1225, -2645, 57, 4fa5d978-c871-4cd2-875f-ce4b183385b5, , qunut, qunut, , 
69174, -2844, 1195, -2700, 57, 4fa5d978-c871-4cd2-875f-ce4b183385b5, , qunut, qunut, , 
69211, -2859, 1223, -2685, 57, 4fa5d978-c871-4cd2-875f-ce4b183385b5, , qunut, qunut, , 
69246, -2879, 1242, -2679, 57, 4fa5d978-c871-4cd2-875f-ce4b183385b5, , qunut, qunut, , 
69282, -2859, 1234, -2651, 57, 4fa5d978-c871-4cd2-875f-ce4b183385b5, , qunut, qunut, , 
69317, -2880, 1246, -2668, 57, 4fa5d978-c871-4cd2-875f-ce4b183385b5, , qunut, qunut, , 
69353, -2853, 1268, -2646, 57, 4fa5d978-c871-4cd2-875f-ce4b183385b5, , qunut, qunut, , 
69388, -2834, 1260, -2647, 57, 4fa5d978-c871-4cd2-875f-ce4b183385b5, , qunut, qunut, , 
69424, -2830, 1248, -2625, 57, 4fa5d978-c871-4cd2-875f-ce4b183385b5, , qunut, qunut, , 
69459, -2856, 1255, -2635, 57, 4fa5d978-c871-4cd2-875f-ce4b183385b5, , qunut, qunut, , 
69495, -2820, 1211, -2606, 57, 4fa5d978-c871-4cd2-875f-ce4b183385b5, , qunut, qunut, , 
69530, -2815, 1179, -2599, 57, 4fa5d978-c871-4cd2-875f-ce4b183385b5, , qunut, qunut, , 
69566, -2860, 1249, -2605, 57, 4fa5d978-c871-4cd2-875f-ce4b183385b5, , qunut, qunut, , 
69602, -2837, 1274, -2605, 57, 4fa5d978-c871-4cd2-875f-ce4b183385b5, , qunut, qunut, , 
69643, -2877, 1285, -2630, 57, 4fa5d978-c871-4cd2-875f-ce4b183385b5, , qunut, qunut, , 
69685, -2884, 1306, -2660, 57, 4fa5d978-c871-4cd2-875f-ce4b183385b5, , qunut, qunut, , 
69727, -2861, 1281, -2666, 57, 4fa5d978-c871-4cd2-875f-ce4b183385b5, , qunut, qunut, , 
69769, -2866, 1277, -2656, 57, 4fa5d978-c871-4cd2-875f-ce4b183385b5, , qunut, qunut, , 
69811, -2829, 1247, -2636, 57, 4fa5d978-c871-4cd2-875f-ce4b183385b5, , qunut, qunut, , 
69853, -2850, 1210, -2677, 57, 4fa5d978-c871-4cd2-875f-ce4b183385b5, , qunut, qunut, , 
69895, -2871, 1207, -2629, 57, 4fa5d978-c871-4cd2-875f-ce4b183385b5, , qunut, qunut, , 
69937, -2841, 1243, -2695, 57, 4fa5d978-c871-4cd2-875f-ce4b183385b5, , qunut, qunut, , 
69979, -2827, 1261, -2665, 57, 4fa5d978-c871-4cd2-875f-ce4b183385b5, , qunut, qunut, , 
70021, -2848, 1253, -2687, 57, 4fa5d978-c871-4cd2-875f-ce4b183385b5, , qunut, qunut, , 
70060, -2860, 1304, -2609, 57, 4fa5d978-c871-4cd2-875f-ce4b183385b5, , qunut, qunut, , 
70100, -2852, 1236, -2662, 57, 4fa5d978-c871-4cd2-875f-ce4b183385b5, , qunut, qunut, , 
70140, -2842, 1229, -2674, 57, 4fa5d978-c871-4cd2-875f-ce4b183385b5, , qunut, qunut, , 
70180, -2822, 1212, -2696, 57, 4fa5d978-c871-4cd2-875f-ce4b183385b5, , qunut, qunut, , 
70220, -2831, 1258, -2657, 57, 4fa5d978-c871-4cd2-875f-ce4b183385b5, , qunut, qunut, , 
70259, -2851, 1197, -2623, 57, 4fa5d978-c871-4cd2-875f-ce4b183385b5, , qunut, qunut, , 
70299, -2858, 1217, -2650, 57, 4fa5d978-c871-4cd2-875f-ce4b183385b5, , qunut, qunut, , 
70339, -2844, 1272, -2665, 57, 4fa5d978-c871-4cd2-875f-ce4b183385b5, , qunut, qunut, , 
70379, -2836, 1224, -2718, 57, 4fa5d978-c871-4cd2-875f-ce4b183385b5, , qunut, qunut, , 
70419, -2842, 1233, -2680, 57, 4fa5d978-c871-4cd2-875f-ce4b183385b5, , qunut, qunut, , 
70455, -2832, 1225, -2626, 57, 4fa5d978-c871-4cd2-875f-ce4b183385b5, , qunut, qunut, , 
70492, -2857, 1252, -2719, 57, 4fa5d978-c871-4cd2-875f-ce4b183385b5, , qunut, qunut, , 
70528, -2834, 1209, -2695, 57, 4fa5d978-c871-4cd2-875f-ce4b183385b5, , qunut, qunut, , 
70565, -2834, 1233, -2691, 57, 4fa5d978-c871-4cd2-875f-ce4b183385b5, , qunut, qunut, , 
70602, -2824, 1258, -2678, 57, 4fa5d978-c871-4cd2-875f-ce4b183385b5, , qunut, qunut, , 
70638, -2836, 1208, -2647, 57, 4fa5d978-c871-4cd2-875f-ce4b183385b5, , qunut, qunut, , 
70675, -2830, 1219, -2680, 57, 4fa5d978-c871-4cd2-875f-ce4b183385b5, , qunut, qunut, , 
70712, -2815, 1239, -2686, 57, 4fa5d978-c871-4cd2-875f-ce4b183385b5, , qunut, qunut, , 
70748, -2831, 1225, -2657, 57, 4fa5d978-c871-4cd2-875f-ce4b183385b5, , qunut, qunut, , 
70785, -2816, 1222, -2693, 57, 4fa5d978-c871-4cd2-875f-ce4b183385b5, , qunut, qunut, , 
70822, -2846, 1251, -2686, 57, 4fa5d978-c871-4cd2-875f-ce4b183385b5, , qunut, qunut, , 
70867, -2804, 1248, -2675, 57, 4fa5d978-c871-4cd2-875f-ce4b183385b5, , qunut, qunut, , 
70912, -2865, 1255, -2673, 57, 4fa5d978-c871-4cd2-875f-ce4b183385b5, , qunut, qunut, , 
70957, -2835, 1220, -2684, 57, 4fa5d978-c871-4cd2-875f-ce4b183385b5, , qunut, qunut, , 
71002, -2827, 1259, -2699, 57, 4fa5d978-c871-4cd2-875f-ce4b183385b5, , qunut, qunut, , 
71047, -2840, 1235, -2728, 57, 4fa5d978-c871-4cd2-875f-ce4b183385b5, , qunut, qunut, , 
71092, -2855, 1205, -2709, 57, 4fa5d978-c871-4cd2-875f-ce4b183385b5, , qunut, qunut, , 
71137, -2841, 1197, -2696, 57, 4fa5d978-c871-4cd2-875f-ce4b183385b5, , qunut, qunut, , 
71182, -2820, 1258, -2676, 57, 4fa5d978-c871-4cd2-875f-ce4b183385b5, , qunut, qunut, , 
71227, -2797, 1269, -2667, 57, 4fa5d978-c871-4cd2-875f-ce4b183385b5, , qunut, qunut, , 
71273, -2797, 1262, -2657, 57, 4fa5d978-c871-4cd2-875f-ce4b183385b5, , qunut, qunut, , 
71304, -2818, 1273, -2640, 57, 4fa5d978-c871-4cd2-875f-ce4b183385b5, , qunut, qunut, , 
71336, -2846, 1241, -2660, 57, 4fa5d978-c871-4cd2-875f-ce4b183385b5, , qunut, qunut, , 
71367, -2805, 1265, -2669, 57, 4fa5d978-c871-4cd2-875f-ce4b183385b5, , qunut, qunut, , 
71399, -2837, 1223, -2693, 57, 4fa5d978-c871-4cd2-875f-ce4b183385b5, , qunut, qunut, , 
71430, -2843, 1212, -2674, 57, 4fa5d978-c871-4cd2-875f-ce4b183385b5, , qunut, qunut, , 
71462, -2843, 1247, -2669, 57, 4fa5d978-c871-4cd2-875f-ce4b183385b5, , qunut, qunut, , 
71493, -2843, 1245, -2680, 57, 4fa5d978-c871-4cd2-875f-ce4b183385b5, , qunut, qunut, , 
71525, -2851, 1284, -2659, 57, 4fa5d978-c871-4cd2-875f-ce4b183385b5, , qunut, qunut, , 
71556, -2843, 1231, -2629, 57, 4fa5d978-c871-4cd2-875f-ce4b183385b5, , qunut, qunut, , 
71588, -2838, 1251, -2659, 57, 4fa5d978-c871-4cd2-875f-ce4b183385b5, , qunut, qunut, , 
71620, -2819, 1273, -2691, 57, 4fa5d978-c871-4cd2-875f-ce4b183385b5, , qunut, qunut, , 
71663, -2790, 1229, -2638, 57, 4fa5d978-c871-4cd2-875f-ce4b183385b5, , qunut, qunut, , 
71707, -2849, 1244, -2653, 57, 4fa5d978-c871-4cd2-875f-ce4b183385b5, , qunut, qunut, , 
71750, -2801, 1243, -2640, 57, 4fa5d978-c871-4cd2-875f-ce4b183385b5, , qunut, qunut, , 
71794, -2803, 1258, -2645, 57, 4fa5d978-c871-4cd2-875f-ce4b183385b5, , qunut, qunut, , 
71838, -2806, 1267, -2629, 57, 4fa5d978-c871-4cd2-875f-ce4b183385b5, , qunut, qunut, , 
71881, -2833, 1280, -2628, 57, 4fa5d978-c871-4cd2-875f-ce4b183385b5, , qunut, qunut, , 
71925, -2860, 1272, -2663, 57, 4fa5d978-c871-4cd2-875f-ce4b183385b5, , qunut, qunut, , 
71968, -2849, 1221, -2698, 57, 4fa5d978-c871-4cd2-875f-ce4b183385b5, , qunut, qunut, , 
72012, -2857, 1216, -2702, 57, 4fa5d978-c871-4cd2-875f-ce4b183385b5, , qunut, qunut, , 
72056, -2860, 1150, -2714, 57, 4fa5d978-c871-4cd2-875f-ce4b183385b5, , qunut, qunut, , 
72093, -2856, 1197, -2694, 57, 4fa5d978-c871-4cd2-875f-ce4b183385b5, , qunut, qunut, , 
72130, -2817, 1195, -2656, 57, 4fa5d978-c871-4cd2-875f-ce4b183385b5, , qunut, qunut, , 
72167, -2852, 1227, -2669, 57, 4fa5d978-c871-4cd2-875f-ce4b183385b5, , qunut, qunut, , 
72204, -2822, 1243, -2666, 57, 4fa5d978-c871-4cd2-875f-ce4b183385b5, , qunut, qunut, , 
72242, -2821, 1219, -2706, 57, 4fa5d978-c871-4cd2-875f-ce4b183385b5, , qunut, qunut, , 
72279, -2820, 1260, -2697, 57, 4fa5d978-c871-4cd2-875f-ce4b183385b5, , qunut, qunut, , 
72316, -2817, 1265, -2684, 57, 4fa5d978-c871-4cd2-875f-ce4b183385b5, , qunut, qunut, , 
72353, -2857, 1232, -2675, 57, 4fa5d978-c871-4cd2-875f-ce4b183385b5, , qunut, qunut, , 
72390, -2856, 1222, -2690, 57, 4fa5d978-c871-4cd2-875f-ce4b183385b5, , qunut, qunut, , 
72428, -2823, 1209, -2702, 57, 4fa5d978-c871-4cd2-875f-ce4b183385b5, , qunut, qunut, , 
72463, -2811, 1191, -2684, 57, 4fa5d978-c871-4cd2-875f-ce4b183385b5, , qunut, qunut, , 
72498, -2849, 1203, -2669, 57, 4fa5d978-c871-4cd2-875f-ce4b183385b5, , qunut, qunut, , 
72534, -2829, 1202, -2674, 57, 4fa5d978-c871-4cd2-875f-ce4b183385b5, , qunut, qunut, , 
72569, -2795, 1223, -2697, 57, 4fa5d978-c871-4cd2-875f-ce4b183385b5, , qunut, qunut, , 
72605, -2806, 1181, -2668, 57, 4fa5d978-c871-4cd2-875f-ce4b183385b5, , qunut, qunut, , 
72640, -2826, 1247, -2692, 57, 4fa5d978-c871-4cd2-875f-ce4b183385b5, , qunut, qunut, , 
72676, -2848, 1229, -2686, 57, 4fa5d978-c871-4cd2-875f-ce4b183385b5, , qunut, qunut, , 
72711, -2783, 1223, -2701, 57, 4fa5d978-c871-4cd2-875f-ce4b183385b5, , qunut, qunut, , 
72747, -2842, 1265, -2725, 57, 4fa5d978-c871-4cd2-875f-ce4b183385b5, , qunut, qunut, , 
72782, -2825, 1261, -2715, 57, 4fa5d978-c871-4cd2-875f-ce4b183385b5, , qunut, qunut, , 
72818, -2844, 1197, -2714, 57, 4fa5d978-c871-4cd2-875f-ce4b183385b5, , qunut, qunut, , 
72863, -2855, 1201, -2683, 57, 4fa5d978-c871-4cd2-875f-ce4b183385b5, , qunut, qunut, , 
72908, -2817, 1191, -2671, 57, 4fa5d978-c871-4cd2-875f-ce4b183385b5, , qunut, qunut, , 
72953, -2825, 1188, -2671, 57, 4fa5d978-c871-4cd2-875f-ce4b183385b5, , qunut, qunut, , 
72998, -2823, 1201, -2675, 57, 4fa5d978-c871-4cd2-875f-ce4b183385b5, , qunut, qunut, , 
73044, -2794, 1233, -2686, 57, 4fa5d978-c871-4cd2-875f-ce4b183385b5, , qunut, qunut, , 
73089, -2837, 1232, -2692, 57, 4fa5d978-c871-4cd2-875f-ce4b183385b5, , qunut, qunut, , 
73134, -2826, 1243, -2705, 57, 4fa5d978-c871-4cd2-875f-ce4b183385b5, , qunut, qunut, , 
73179, -2807, 1219, -2695, 57, 4fa5d978-c871-4cd2-875f-ce4b183385b5, , qunut, qunut, , 
73224, -2846, 1232, -2686, 57, 4fa5d978-c871-4cd2-875f-ce4b183385b5, , qunut, qunut, , 
73270, -2838, 1183, -2669, 57, 4fa5d978-c871-4cd2-875f-ce4b183385b5, , qunut, qunut, , 
73302, -2844, 1203, -2697, 57, 4fa5d978-c871-4cd2-875f-ce4b183385b5, , qunut, qunut, , 
73335, -2835, 1236, -2704, 57, 4fa5d978-c871-4cd2-875f-ce4b183385b5, , qunut, qunut, , 
73367, -2800, 1217, -2715, 57, 4fa5d978-c871-4cd2-875f-ce4b183385b5, , qunut, qunut, , 
73400, -2869, 1239, -2707, 57, 4fa5d978-c871-4cd2-875f-ce4b183385b5, , qunut, qunut, , 
73433, -2813, 1193, -2675, 57, 4fa5d978-c871-4cd2-875f-ce4b183385b5, , qunut, qunut, , 
73465, -2816, 1190, -2672, 57, 4fa5d978-c871-4cd2-875f-ce4b183385b5, , qunut, qunut, , 
73498, -2807, 1201, -2671, 57, 4fa5d978-c871-4cd2-875f-ce4b183385b5, , qunut, qunut, , 
73531, -2839, 1226, -2732, 57, 4fa5d978-c871-4cd2-875f-ce4b183385b5, , qunut, qunut, , 
73563, -2860, 1236, -2743, 57, 4fa5d978-c871-4cd2-875f-ce4b183385b5, , qunut, qunut, , 
73596, -2830, 1244, -2717, 57, 4fa5d978-c871-4cd2-875f-ce4b183385b5, , qunut, qunut, , 
73629, -2822, 1254, -2704, 57, 4fa5d978-c871-4cd2-875f-ce4b183385b5, , qunut, qunut, , 
73669, -2800, 1263, -2724, 57, 4fa5d978-c871-4cd2-875f-ce4b183385b5, , qunut, qunut, , 
73710, -2781, 1260, -2692, 57, 4fa5d978-c871-4cd2-875f-ce4b183385b5, , qunut, qunut, , 
73751, -2807, 1221, -2687, 57, 4fa5d978-c871-4cd2-875f-ce4b183385b5, , qunut, qunut, , 
73791, -2814, 1220, -2663, 57, 4fa5d978-c871-4cd2-875f-ce4b183385b5, , qunut, qunut, , 
73832, -2816, 1217, -2692, 57, 4fa5d978-c871-4cd2-875f-ce4b183385b5, , qunut, qunut, , 
73873, -2801, 1226, -2709, 57, 4fa5d978-c871-4cd2-875f-ce4b183385b5, , qunut, qunut, , 
73913, -2825, 1229, -2688, 57, 4fa5d978-c871-4cd2-875f-ce4b183385b5, , qunut, qunut, , 
73954, -2831, 1270, -2690, 57, 4fa5d978-c871-4cd2-875f-ce4b183385b5, , qunut, qunut, , 
73995, -2798, 1271, -2662, 57, 4fa5d978-c871-4cd2-875f-ce4b183385b5, , qunut, qunut, , 
74036, -2819, 1253, -2675, 57, 4fa5d978-c871-4cd2-875f-ce4b183385b5, , qunut, qunut, , 
74074, -2792, 1256, -2646, 57, 4fa5d978-c871-4cd2-875f-ce4b183385b5, , qunut, qunut, , 
74113, -2789, 1262, -2675, 57, 4fa5d978-c871-4cd2-875f-ce4b183385b5, , qunut, qunut, , 
74151, -2791, 1270, -2676, 57, 4fa5d978-c871-4cd2-875f-ce4b183385b5, , qunut, qunut, , 
74190, -2792, 1260, -2644, 57, 4fa5d978-c871-4cd2-875f-ce4b183385b5, , qunut, qunut, , 
74229, -2841, 1275, -2684, 57, 4fa5d978-c871-4cd2-875f-ce4b183385b5, , qunut, qunut, , 
74267, -2807, 1297, -2708, 57, 4fa5d978-c871-4cd2-875f-ce4b183385b5, , qunut, qunut, , 
74306, -2849, 1244, -2726, 57, 4fa5d978-c871-4cd2-875f-ce4b183385b5, , qunut, qunut, , 
74344, -2826, 1242, -2708, 57, 4fa5d978-c871-4cd2-875f-ce4b183385b5, , qunut, qunut, , 
74383, -2809, 1280, -2715, 57, 4fa5d978-c871-4cd2-875f-ce4b183385b5, , qunut, qunut, , 
74422, -2809, 1247, -2690, 57, 4fa5d978-c871-4cd2-875f-ce4b183385b5, , qunut, qunut, , 
74460, -2809, 1266, -2676, 57, 4fa5d978-c871-4cd2-875f-ce4b183385b5, , qunut, qunut, , 
74498, -2788, 1253, -2677, 57, 4fa5d978-c871-4cd2-875f-ce4b183385b5, , qunut, qunut, , 
74537, -2858, 1211, -2659, 57, 4fa5d978-c871-4cd2-875f-ce4b183385b5, , qunut, qunut, , 
74575, -2837, 1284, -2692, 57, 4fa5d978-c871-4cd2-875f-ce4b183385b5, , qunut, qunut, , 
74613, -2808, 1261, -2687, 57, 4fa5d978-c871-4cd2-875f-ce4b183385b5, , qunut, qunut, , 
74652, -2877, 1227, -2691, 57, 4fa5d978-c871-4cd2-875f-ce4b183385b5, , qunut, qunut, , 
74690, -2857, 1235, -2698, 57, 4fa5d978-c871-4cd2-875f-ce4b183385b5, , qunut, qunut, , 
74728, -2823, 1197, -2675, 57, 4fa5d978-c871-4cd2-875f-ce4b183385b5, , qunut, qunut, , 
74767, -2864, 1161, -2697, 57, 4fa5d978-c871-4cd2-875f-ce4b183385b5, , qunut, qunut, , 
74805, -2830, 1182, -2671, 57, 4fa5d978-c871-4cd2-875f-ce4b183385b5, , qunut, qunut, , 
74844, -2833, 1194, -2688, 57, 4fa5d978-c871-4cd2-875f-ce4b183385b5, , qunut, qunut, , 
74885, -2825, 1215, -2663, 57, 4fa5d978-c871-4cd2-875f-ce4b183385b5, , qunut, qunut, , 
74926, -2827, 1230, -2665, 57, 4fa5d978-c871-4cd2-875f-ce4b183385b5, , qunut, qunut, , 
74967, -2819, 1262, -2673, 57, 4fa5d978-c871-4cd2-875f-ce4b183385b5, , qunut, qunut, , 
75009, -2809, 1241, -2657, 57, 4fa5d978-c871-4cd2-875f-ce4b183385b5, , qunut, qunut, , 
75050, -2856, 1270, -2667, 57, 4fa5d978-c871-4cd2-875f-ce4b183385b5, , qunut, qunut, , 
75091, -2842, 1274, -2637, 57, 4fa5d978-c871-4cd2-875f-ce4b183385b5, , qunut, qunut, , 
75133, -2870, 1232, -2671, 57, 4fa5d978-c871-4cd2-875f-ce4b183385b5, , qunut, qunut, , 
75174, -2841, 1240, -2673, 57, 4fa5d978-c871-4cd2-875f-ce4b183385b5, , qunut, qunut, , 
75215, -2870, 1227, -2699, 57, 4fa5d978-c871-4cd2-875f-ce4b183385b5, , qunut, qunut, , 
75257, -2849, 1231, -2679, 57, 4fa5d978-c871-4cd2-875f-ce4b183385b5, , qunut, qunut, , 
75293, -2889, 1267, -2639, 57, 4fa5d978-c871-4cd2-875f-ce4b183385b5, , qunut, qunut, , 
75330, -2829, 1247, -2679, 57, 4fa5d978-c871-4cd2-875f-ce4b183385b5, , qunut, qunut, , 
75367, -2842, 1279, -2647, 57, 4fa5d978-c871-4cd2-875f-ce4b183385b5, , qunut, qunut, , 
75404, -2860, 1249, -2649, 57, 4fa5d978-c871-4cd2-875f-ce4b183385b5, , qunut, qunut, , 
75441, -2808, 1236, -2583, 57, 4fa5d978-c871-4cd2-875f-ce4b183385b5, , qunut, qunut, , 
75478, -2866, 1233, -2631, 57, 4fa5d978-c871-4cd2-875f-ce4b183385b5, , qunut, qunut, , 
75515, -2855, 1200, -2643, 57, 4fa5d978-c871-4cd2-875f-ce4b183385b5, , qunut, qunut, , 
75552, -2858, 1243, -2648, 57, 4fa5d978-c871-4cd2-875f-ce4b183385b5, , qunut, qunut, , 
75589, -2857, 1211, -2629, 57, 4fa5d978-c871-4cd2-875f-ce4b183385b5, , qunut, qunut, , 
75626, -2875, 1228, -2615, 57, 4fa5d978-c871-4cd2-875f-ce4b183385b5, , qunut, qunut, , 
75668, -2864, 1238, -2651, 57, 4fa5d978-c871-4cd2-875f-ce4b183385b5, , qunut, qunut, , 
75710, -2829, 1271, -2600, 57, 4fa5d978-c871-4cd2-875f-ce4b183385b5, , qunut, qunut, , 
75752, -2836, 1210, -2612, 57, 4fa5d978-c871-4cd2-875f-ce4b183385b5, , qunut, qunut, , 
75795, -2808, 1235, -2620, 57, 4fa5d978-c871-4cd2-875f-ce4b183385b5, , qunut, qunut, , 
75837, -2849, 1272, -2622, 57, 4fa5d978-c871-4cd2-875f-ce4b183385b5, , qunut, qunut, , 
75879, -2752, 1277, -2613, 57, 4fa5d978-c871-4cd2-875f-ce4b183385b5, , qunut, qunut, , 
75921, -2798, 1316, -2622, 57, 4fa5d978-c871-4cd2-875f-ce4b183385b5, , qunut, qunut, , 
75964, -2835, 1323, -2615, 57, 4fa5d978-c871-4cd2-875f-ce4b183385b5, , qunut, qunut, , 
76006, -2829, 1316, -2682, 57, 4fa5d978-c871-4cd2-875f-ce4b183385b5, , qunut, qunut, , 
76048, -2821, 1334, -2705, 57, 4fa5d978-c871-4cd2-875f-ce4b183385b5, , qunut, qunut, , 
76091, -2851, 1292, -2690, 57, 4fa5d978-c871-4cd2-875f-ce4b183385b5, , qunut, qunut, , 
76124, -2865, 1262, -2699, 57, 4fa5d978-c871-4cd2-875f-ce4b183385b5, , qunut, qunut, , 
76157, -2846, 1272, -2716, 57, 4fa5d978-c871-4cd2-875f-ce4b183385b5, , qunut, qunut, , 
76190, -2839, 1267, -2717, 57, 4fa5d978-c871-4cd2-875f-ce4b183385b5, , qunut, qunut, , 
76223, -2764, 1274, -2679, 57, 4fa5d978-c871-4cd2-875f-ce4b183385b5, , qunut, qunut, , 
76257, -2771, 1282, -2675, 57, 4fa5d978-c871-4cd2-875f-ce4b183385b5, , qunut, qunut, , 
76290, -2770, 1304, -2681, 57, 4fa5d978-c871-4cd2-875f-ce4b183385b5, , qunut, qunut, , 
76323, -2774, 1313, -2678, 57, 4fa5d978-c871-4cd2-875f-ce4b183385b5, , qunut, qunut, , 
76356, -2821, 1280, -2708, 57, 4fa5d978-c871-4cd2-875f-ce4b183385b5, , qunut, qunut, , 
76389, -2793, 1273, -2751, 57, 4fa5d978-c871-4cd2-875f-ce4b183385b5, , qunut, qunut, , 
76423, -2795, 1309, -2701, 57, 4fa5d978-c871-4cd2-875f-ce4b183385b5, , qunut, qunut, , 
76459, -2757, 1265, -2688, 57, 4fa5d978-c871-4cd2-875f-ce4b183385b5, , qunut, qunut, , 
76495, -2799, 1261, -2676, 57, 4fa5d978-c871-4cd2-875f-ce4b183385b5, , qunut, qunut, , 
76532, -2798, 1234, -2682, 57, 4fa5d978-c871-4cd2-875f-ce4b183385b5, , qunut, qunut, , 
76568, -2811, 1276, -2742, 57, 4fa5d978-c871-4cd2-875f-ce4b183385b5, , qunut, qunut, , 
76605, -2790, 1274, -2739, 57, 4fa5d978-c871-4cd2-875f-ce4b183385b5, , qunut, qunut, , 
76641, -2861, 1276, -2696, 57, 4fa5d978-c871-4cd2-875f-ce4b183385b5, , qunut, qunut, , 
76678, -2814, 1227, -2778, 57, 4fa5d978-c871-4cd2-875f-ce4b183385b5, , qunut, qunut, , 
76714, -2780, 1230, -2739, 57, 4fa5d978-c871-4cd2-875f-ce4b183385b5, , qunut, qunut, , 
76751, -2786, 1252, -2728, 57, 4fa5d978-c871-4cd2-875f-ce4b183385b5, , qunut, qunut, , 
76787, -2765, 1220, -2715, 57, 4fa5d978-c871-4cd2-875f-ce4b183385b5, , qunut, qunut, , 
76824, -2797, 1251, -2716, 57, 4fa5d978-c871-4cd2-875f-ce4b183385b5, , qunut, qunut, , 
76862, -2768, 1227, -2722, 57, 4fa5d978-c871-4cd2-875f-ce4b183385b5, , qunut, qunut, , 
76901, -2783, 1263, -2719, 57, 4fa5d978-c871-4cd2-875f-ce4b183385b5, , qunut, qunut, , 
76940, -2785, 1235, -2728, 57, 4fa5d978-c871-4cd2-875f-ce4b183385b5, , qunut, qunut, , 
76979, -2777, 1230, -2725, 57, 4fa5d978-c871-4cd2-875f-ce4b183385b5, , qunut, qunut, , 
77018, -2825, 1237, -2736, 57, 4fa5d978-c871-4cd2-875f-ce4b183385b5, , qunut, qunut, , 
77057, -2733, 1285, -2716, 57, 4fa5d978-c871-4cd2-875f-ce4b183385b5, , qunut, qunut, , 
77096, -2861, 1271, -2737, 57, 4fa5d978-c871-4cd2-875f-ce4b183385b5, , qunut, qunut, , 
77135, -2836, 1223, -2740, 57, 4fa5d978-c871-4cd2-875f-ce4b183385b5, , qunut, qunut, , 
77174, -2827, 1218, -2754, 57, 4fa5d978-c871-4cd2-875f-ce4b183385b5, , qunut, qunut, , 
77213, -2789, 1249, -2724, 57, 4fa5d978-c871-4cd2-875f-ce4b183385b5, , qunut, qunut, , 
77253, -2791, 1266, -2694, 57, 4fa5d978-c871-4cd2-875f-ce4b183385b5, , qunut, qunut, , 
77294, -2796, 1267, -2675, 57, 4fa5d978-c871-4cd2-875f-ce4b183385b5, , qunut, qunut, , 
77335, -2802, 1256, -2677, 57, 4fa5d978-c871-4cd2-875f-ce4b183385b5, , qunut, qunut, , 
77376, -2804, 1264, -2649, 57, 4fa5d978-c871-4cd2-875f-ce4b183385b5, , qunut, qunut, , 
77417, -2818, 1234, -2647, 57, 4fa5d978-c871-4cd2-875f-ce4b183385b5, , qunut, qunut, , 
77457, -2778, 1270, -2658, 57, 4fa5d978-c871-4cd2-875f-ce4b183385b5, , qunut, qunut, , 
77498, -2805, 1263, -2642, 57, 4fa5d978-c871-4cd2-875f-ce4b183385b5, , qunut, qunut, , 
77539, -2795, 1258, -2631, 57, 4fa5d978-c871-4cd2-875f-ce4b183385b5, , qunut, qunut, , 
77580, -2792, 1280, -2647, 57, 4fa5d978-c871-4cd2-875f-ce4b183385b5, , qunut, qunut, , 
77621, -2814, 1268, -2626, 57, 4fa5d978-c871-4cd2-875f-ce4b183385b5, , qunut, qunut, , 
77657, -2798, 1278, -2667, 57, 4fa5d978-c871-4cd2-875f-ce4b183385b5, , qunut, qunut, , 
77693, -2827, 1309, -2646, 57, 4fa5d978-c871-4cd2-875f-ce4b183385b5, , qunut, qunut, , 
77730, -2810, 1323, -2688, 57, 4fa5d978-c871-4cd2-875f-ce4b183385b5, , qunut, qunut, , 
77766, -2862, 1316, -2725, 57, 4fa5d978-c871-4cd2-875f-ce4b183385b5, , qunut, qunut, , 
77803, -2818, 1298, -2662, 57, 4fa5d978-c871-4cd2-875f-ce4b183385b5, , qunut, qunut, , 
77839, -2801, 1304, -2730, 57, 4fa5d978-c871-4cd2-875f-ce4b183385b5, , qunut, qunut, , 
77876, -2774, 1287, -2702, 57, 4fa5d978-c871-4cd2-875f-ce4b183385b5, , qunut, qunut, , 
77912, -2815, 1269, -2720, 57, 4fa5d978-c871-4cd2-875f-ce4b183385b5, , qunut, qunut, , 
77949, -2805, 1262, -2701, 57, 4fa5d978-c871-4cd2-875f-ce4b183385b5, , qunut, qunut, , 
77985, -2824, 1269, -2690, 57, 4fa5d978-c871-4cd2-875f-ce4b183385b5, , qunut, qunut, , 
78022, -2843, 1251, -2693, 57, 4fa5d978-c871-4cd2-875f-ce4b183385b5, , qunut, qunut, , 
78062, -2805, 1209, -2708, 57, 4fa5d978-c871-4cd2-875f-ce4b183385b5, , qunut, qunut, , 
78102, -2791, 1224, -2702, 57, 4fa5d978-c871-4cd2-875f-ce4b183385b5, , qunut, qunut, , 
78142, -2797, 1213, -2677, 57, 4fa5d978-c871-4cd2-875f-ce4b183385b5, , qunut, qunut, , 
78182, -2799, 1233, -2677, 57, 4fa5d978-c871-4cd2-875f-ce4b183385b5, , qunut, qunut, , 
78223, -2825, 1264, -2672, 57, 4fa5d978-c871-4cd2-875f-ce4b183385b5, , qunut, qunut, , 
78263, -2845, 1232, -2697, 57, 4fa5d978-c871-4cd2-875f-ce4b183385b5, , qunut, qunut, , 
78303, -2828, 1245, -2695, 57, 4fa5d978-c871-4cd2-875f-ce4b183385b5, , qunut, qunut, , 
78343, -2822, 1247, -2670, 57, 4fa5d978-c871-4cd2-875f-ce4b183385b5, , qunut, qunut, , 
78383, -2828, 1254, -2669, 57, 4fa5d978-c871-4cd2-875f-ce4b183385b5, , qunut, qunut, , 
78424, -2870, 1246, -2688, 57, 4fa5d978-c871-4cd2-875f-ce4b183385b5, , qunut, qunut, , 
78464, -2832, 1201, -2690, 57, 4fa5d978-c871-4cd2-875f-ce4b183385b5, , qunut, qunut, , 
78504, -2858, 1175, -2739, 57, 4fa5d978-c871-4cd2-875f-ce4b183385b5, , qunut, qunut, , 
78545, -2789, 1198, -2703, 57, 4fa5d978-c871-4cd2-875f-ce4b183385b5, , qunut, qunut, , 
78585, -2845, 1193, -2667, 57, 4fa5d978-c871-4cd2-875f-ce4b183385b5, , qunut, qunut, , 
78625, -2832, 1210, -2635, 57, 4fa5d978-c871-4cd2-875f-ce4b183385b5, , qunut, qunut, , 
78666, -2850, 1249, -2651, 57, 4fa5d978-c871-4cd2-875f-ce4b183385b5, , qunut, qunut, , 
78706, -2835, 1248, -2659, 57, 4fa5d978-c871-4cd2-875f-ce4b183385b5, , qunut, qunut, , 
78746, -2830, 1231, -2656, 57, 4fa5d978-c871-4cd2-875f-ce4b183385b5, , qunut, qunut, , 
78787, -2802, 1241, -2695, 57, 4fa5d978-c871-4cd2-875f-ce4b183385b5, , qunut, qunut, , 
78827, -2795, 1226, -2648, 57, 4fa5d978-c871-4cd2-875f-ce4b183385b5, , qunut, qunut, , 
78868, -2829, 1226, -2683, 57, 4fa5d978-c871-4cd2-875f-ce4b183385b5, , qunut, qunut, , 
78902, -2842, 1228, -2712, 57, 4fa5d978-c871-4cd2-875f-ce4b183385b5, , qunut, qunut, , 
78936, -2877, 1233, -2716, 57, 4fa5d978-c871-4cd2-875f-ce4b183385b5, , qunut, qunut, , 
78970, -2851, 1243, -2729, 57, 4fa5d978-c871-4cd2-875f-ce4b183385b5, , qunut, qunut, , 
79004, -2846, 1267, -2705, 57, 4fa5d978-c871-4cd2-875f-ce4b183385b5, , qunut, qunut, , 
79039, -2808, 1296, -2666, 57, 4fa5d978-c871-4cd2-875f-ce4b183385b5, , qunut, qunut, , 
79073, -2848, 1337, -2652, 57, 4fa5d978-c871-4cd2-875f-ce4b183385b5, , qunut, qunut, , 
79107, -2832, 1307, -2648, 57, 4fa5d978-c871-4cd2-875f-ce4b183385b5, , qunut, qunut, , 
79141, -2802, 1279, -2675, 57, 4fa5d978-c871-4cd2-875f-ce4b183385b5, , qunut, qunut, , 
79175, -2796, 1243, -2687, 57, 4fa5d978-c871-4cd2-875f-ce4b183385b5, , qunut, qunut, , 
79210, -2797, 1221, -2634, 57, 4fa5d978-c871-4cd2-875f-ce4b183385b5, , qunut, qunut, , 
79248, -2834, 1211, -2620, 57, 4fa5d978-c871-4cd2-875f-ce4b183385b5, , qunut, qunut, , 
79286, -2847, 1229, -2624, 57, 4fa5d978-c871-4cd2-875f-ce4b183385b5, , qunut, qunut, , 
79324, -2798, 1254, -2605, 57, 4fa5d978-c871-4cd2-875f-ce4b183385b5, , qunut, qunut, , 
79362, -2823, 1235, -2635, 57, 4fa5d978-c871-4cd2-875f-ce4b183385b5, , qunut, qunut, , 
79401, -2816, 1252, -2624, 57, 4fa5d978-c871-4cd2-875f-ce4b183385b5, , qunut, qunut, , 
79439, -2842, 1264, -2639, 57, 4fa5d978-c871-4cd2-875f-ce4b183385b5, , qunut, qunut, , 
79477, -2853, 1267, -2655, 57, 4fa5d978-c871-4cd2-875f-ce4b183385b5, , qunut, qunut, , 
79515, -2882, 1234, -2682, 57, 4fa5d978-c871-4cd2-875f-ce4b183385b5, , qunut, qunut, , 
79553, -2875, 1261, -2699, 57, 4fa5d978-c871-4cd2-875f-ce4b183385b5, , qunut, qunut, , 
79592, -2863, 1272, -2700, 57, 4fa5d978-c871-4cd2-875f-ce4b183385b5, , qunut, qunut, , 
79630, -2782, 1269, -2656, 57, 4fa5d978-c871-4cd2-875f-ce4b183385b5, , qunut, qunut, , 
79668, -2845, 1328, -2647, 57, 4fa5d978-c871-4cd2-875f-ce4b183385b5, , qunut, qunut, , 
79706, -2838, 1328, -2623, 57, 4fa5d978-c871-4cd2-875f-ce4b183385b5, , qunut, qunut, , 
79744, -2815, 1324, -2608, 57, 4fa5d978-c871-4cd2-875f-ce4b183385b5, , qunut, qunut, , 
79782, -2832, 1320, -2626, 57, 4fa5d978-c871-4cd2-875f-ce4b183385b5, , qunut, qunut, , 
79821, -2826, 1306, -2602, 57, 4fa5d978-c871-4cd2-875f-ce4b183385b5, , qunut, qunut, , 
79859, -2824, 1300, -2656, 57, 4fa5d978-c871-4cd2-875f-ce4b183385b5, , qunut, qunut, , 
79897, -2833, 1245, -2649, 57, 4fa5d978-c871-4cd2-875f-ce4b183385b5, , qunut, qunut, , 
79935, -2831, 1264, -2655, 57, 4fa5d978-c871-4cd2-875f-ce4b183385b5, , qunut, qunut, , 
79973, -2816, 1282, -2676, 57, 4fa5d978-c871-4cd2-875f-ce4b183385b5, , qunut, qunut, , 
80012, -2821, 1267, -2694, 57, 4fa5d978-c871-4cd2-875f-ce4b183385b5, , qunut, qunut, , 
80053, -2842, 1246, -2695, 57, 4fa5d978-c871-4cd2-875f-ce4b183385b5, , qunut, qunut, , 
80094, -2854, 1302, -2675, 57, 4fa5d978-c871-4cd2-875f-ce4b183385b5, , qunut, qunut, , 
80135, -2826, 1269, -2685, 57, 4fa5d978-c871-4cd2-875f-ce4b183385b5, , qunut, qunut, , 
80176, -2776, 1250, -2662, 57, 4fa5d978-c871-4cd2-875f-ce4b183385b5, , qunut, qunut, , 
80218, -2842, 1256, -2709, 57, 4fa5d978-c871-4cd2-875f-ce4b183385b5, , qunut, qunut, , 
80259, -2765, 1266, -2650, 57, 4fa5d978-c871-4cd2-875f-ce4b183385b5, , qunut, qunut, , 
80300, -2834, 1290, -2674, 57, 4fa5d978-c871-4cd2-875f-ce4b183385b5, , qunut, qunut, , 
80341, -2806, 1284, -2700, 57, 4fa5d978-c871-4cd2-875f-ce4b183385b5, , qunut, qunut, , 
80382, -2801, 1279, -2691, 57, 4fa5d978-c871-4cd2-875f-ce4b183385b5, , qunut, qunut, , 
80424, -2822, 1310, -2729, 57, 4fa5d978-c871-4cd2-875f-ce4b183385b5, , qunut, qunut, , 
80460, -2771, 1265, -2728, 57, 4fa5d978-c871-4cd2-875f-ce4b183385b5, , qunut, qunut, , 
80497, -2801, 1242, -2698, 57, 4fa5d978-c871-4cd2-875f-ce4b183385b5, , qunut, qunut, , 
80534, -2801, 1232, -2684, 57, 4fa5d978-c871-4cd2-875f-ce4b183385b5, , qunut, qunut, , 
80570, -2810, 1302, -2663, 57, 4fa5d978-c871-4cd2-875f-ce4b183385b5, , qunut, qunut, , 
80607, -2758, 1278, -2747, 57, 4fa5d978-c871-4cd2-875f-ce4b183385b5, , qunut, qunut, , 
80644, -2829, 1237, -2701, 57, 4fa5d978-c871-4cd2-875f-ce4b183385b5, , qunut, qunut, , 
80681, -2816, 1223, -2716, 57, 4fa5d978-c871-4cd2-875f-ce4b183385b5, , qunut, qunut, , 
80717, -2819, 1233, -2746, 57, 4fa5d978-c871-4cd2-875f-ce4b183385b5, , qunut, qunut, , 
80754, -2780, 1232, -2692, 57, 4fa5d978-c871-4cd2-875f-ce4b183385b5, , qunut, qunut, , 
80791, -2784, 1205, -2692, 57, 4fa5d978-c871-4cd2-875f-ce4b183385b5, , qunut, qunut, , 
80828, -2753, 1198, -2690, 57, 4fa5d978-c871-4cd2-875f-ce4b183385b5, , qunut, qunut, , 
80867, -2785, 1227, -2709, 57, 4fa5d978-c871-4cd2-875f-ce4b183385b5, , qunut, qunut, , 
80907, -2800, 1215, -2718, 57, 4fa5d978-c871-4cd2-875f-ce4b183385b5, , qunut, qunut, , 
80946, -2847, 1208, -2738, 57, 4fa5d978-c871-4cd2-875f-ce4b183385b5, , qunut, qunut, , 
80986, -2860, 1193, -2778, 57, 4fa5d978-c871-4cd2-875f-ce4b183385b5, , qunut, qunut, , 
81026, -2892, 1240, -2788, 57, 4fa5d978-c871-4cd2-875f-ce4b183385b5, , qunut, qunut, , 
81065, -2836, 1273, -2720, 57, 4fa5d978-c871-4cd2-875f-ce4b183385b5, , qunut, qunut, , 
81105, -2761, 1279, -2754, 57, 4fa5d978-c871-4cd2-875f-ce4b183385b5, , qunut, qunut, , 
81144, -2753, 1251, -2692, 57, 4fa5d978-c871-4cd2-875f-ce4b183385b5, , qunut, qunut, , 
81184, -2773, 1223, -2682, 57, 4fa5d978-c871-4cd2-875f-ce4b183385b5, , qunut, qunut, , 
81224, -2762, 1224, -2668, 57, 4fa5d978-c871-4cd2-875f-ce4b183385b5, , qunut, qunut, , 
81265, -2769, 1232, -2666, 57, 4fa5d978-c871-4cd2-875f-ce4b183385b5, , qunut, qunut, , 
81307, -2795, 1226, -2674, 57, 4fa5d978-c871-4cd2-875f-ce4b183385b5, , qunut, qunut, , 
81349, -2831, 1245, -2691, 57, 4fa5d978-c871-4cd2-875f-ce4b183385b5, , qunut, qunut, , 
81390, -2810, 1234, -2713, 57, 4fa5d978-c871-4cd2-875f-ce4b183385b5, , qunut, qunut, , 
81432, -2836, 1271, -2711, 57, 4fa5d978-c871-4cd2-875f-ce4b183385b5, , qunut, qunut, , 
81474, -2782, 1272, -2713, 57, 4fa5d978-c871-4cd2-875f-ce4b183385b5, , qunut, qunut, , 
81515, -2811, 1279, -2686, 57, 4fa5d978-c871-4cd2-875f-ce4b183385b5, , qunut, qunut, , 
81557, -2761, 1318, -2681, 57, 4fa5d978-c871-4cd2-875f-ce4b183385b5, , qunut, qunut, , 
81599, -2762, 1348, -2685, 57, 4fa5d978-c871-4cd2-875f-ce4b183385b5, , qunut, qunut, , 
81641, -2786, 1339, -2666, 57, 4fa5d978-c871-4cd2-875f-ce4b183385b5, , qunut, qunut, , 
81676, -2790, 1317, -2698, 57, 4fa5d978-c871-4cd2-875f-ce4b183385b5, , qunut, qunut, , 
81711, -2795, 1317, -2705, 57, 4fa5d978-c871-4cd2-875f-ce4b183385b5, , qunut, qunut, , 
81746, -2789, 1318, -2712, 57, 4fa5d978-c871-4cd2-875f-ce4b183385b5, , qunut, qunut, , 
81782, -2780, 1295, -2638, 57, 4fa5d978-c871-4cd2-875f-ce4b183385b5, , qunut, qunut, , 
81817, -2783, 1314, -2673, 57, 4fa5d978-c871-4cd2-875f-ce4b183385b5, , qunut, qunut, , 
81852, -2754, 1294, -2639, 57, 4fa5d978-c871-4cd2-875f-ce4b183385b5, , qunut, qunut, , 
81887, -2781, 1304, -2667, 57, 4fa5d978-c871-4cd2-875f-ce4b183385b5, , qunut, qunut, , 
81923, -2776, 1320, -2667, 57, 4fa5d978-c871-4cd2-875f-ce4b183385b5, , qunut, qunut, , 
81958, -2777, 1312, -2642, 57, 4fa5d978-c871-4cd2-875f-ce4b183385b5, , qunut, qunut, , 
81993, -2814, 1333, -2690, 57, 4fa5d978-c871-4cd2-875f-ce4b183385b5, , qunut, qunut, , 
82029, -2801, 1319, -2707, 57, 4fa5d978-c871-4cd2-875f-ce4b183385b5, , qunut, qunut, , 
82073, -2769, 1277, -2719, 57, 4fa5d978-c871-4cd2-875f-ce4b183385b5, , qunut, qunut, , 
82118, -2803, 1282, -2716, 57, 4fa5d978-c871-4cd2-875f-ce4b183385b5, , qunut, qunut, , 
82163, -2777, 1312, -2737, 57, 4fa5d978-c871-4cd2-875f-ce4b183385b5, , qunut, qunut, , 
82208, -2778, 1335, -2707, 57, 4fa5d978-c871-4cd2-875f-ce4b183385b5, , qunut, qunut, , 
82253, -2813, 1341, -2689, 57, 4fa5d978-c871-4cd2-875f-ce4b183385b5, , qunut, qunut, , 
82298, -2785, 1331, -2722, 57, 4fa5d978-c871-4cd2-875f-ce4b183385b5, , qunut, qunut, , 
82343, -2772, 1331, -2752, 57, 4fa5d978-c871-4cd2-875f-ce4b183385b5, , qunut, qunut, , 
82388, -2785, 1311, -2709, 57, 4fa5d978-c871-4cd2-875f-ce4b183385b5, , qunut, qunut, , 
82433, -2756, 1276, -2693, 57, 4fa5d978-c871-4cd2-875f-ce4b183385b5, , qunut, qunut, , 
82478, -2802, 1305, -2731, 57, 4fa5d978-c871-4cd2-875f-ce4b183385b5, , qunut, qunut, , 
82512, -2787, 1275, -2699, 57, 4fa5d978-c871-4cd2-875f-ce4b183385b5, , qunut, qunut, , 
82546, -2787, 1274, -2710, 57, 4fa5d978-c871-4cd2-875f-ce4b183385b5, , qunut, qunut, , 
82580, -2762, 1283, -2695, 57, 4fa5d978-c871-4cd2-875f-ce4b183385b5, , qunut, qunut, , 
82614, -2785, 1275, -2697, 57, 4fa5d978-c871-4cd2-875f-ce4b183385b5, , qunut, qunut, , 
82648, -2809, 1304, -2682, 57, 4fa5d978-c871-4cd2-875f-ce4b183385b5, , qunut, qunut, , 
82682, -2765, 1280, -2730, 57, 4fa5d978-c871-4cd2-875f-ce4b183385b5, , qunut, qunut, , 
82716, -2762, 1254, -2718, 57, 4fa5d978-c871-4cd2-875f-ce4b183385b5, , qunut, qunut, , 
82750, -2812, 1263, -2716, 57, 4fa5d978-c871-4cd2-875f-ce4b183385b5, , qunut, qunut, , 
82784, -2801, 1298, -2712, 57, 4fa5d978-c871-4cd2-875f-ce4b183385b5, , qunut, qunut, , 
82818, -2822, 1283, -2691, 57, 4fa5d978-c871-4cd2-875f-ce4b183385b5, , qunut, qunut, , 
82852, -2832, 1289, -2688, 57, 4fa5d978-c871-4cd2-875f-ce4b183385b5, , qunut, qunut, , 
82894, -2764, 1262, -2689, 58, 4fa5d978-c871-4cd2-875f-ce4b183385b5, , qunut, qunut, , 
82936, -2749, 1272, -2650, 58, 4fa5d978-c871-4cd2-875f-ce4b183385b5, , qunut, qunut, , 
82978, -2799, 1240, -2648, 58, 4fa5d978-c871-4cd2-875f-ce4b183385b5, , qunut, qunut, , 
83020, -2754, 1291, -2710, 58, 4fa5d978-c871-4cd2-875f-ce4b183385b5, , qunut, qunut, , 
83063, -2790, 1226, -2709, 58, 4fa5d978-c871-4cd2-875f-ce4b183385b5, , qunut, qunut, , 
83105, -2815, 1252, -2721, 58, 4fa5d978-c871-4cd2-875f-ce4b183385b5, , qunut, qunut, , 
